{
  "auroc": 0.2860216546363131,
  "prauc": 0.006162069840541253,
  "f2": 0.04253056884635832,
  "mcc": 0.0,
  "threshold": 2.440482411381564e-11,
  "tp": 16,
  "fp": 1801,
  "fn": 0,
  "tn": 0,
  "epsilon": 1.19679815697251,
  "delta": 1e-05,
  "n_rounds": 10,
  "n_clients": 3
}