{"F115_zscore": {"mean": 0.5877439779766002, "std": 0.21376873253022088, "source": "F115"}, "F321_zscore": {"mean": 1.1501128699242946, "std": 0.4041020916482445, "source": "F321"}, "F527_zscore": {"mean": 0.9998238128011011, "std": 0.7590789121988574, "source": "F527"}, "F531_zscore": {"mean": 1.4262161046111492, "std": 0.8738892163388505, "source": "F531"}, "F670_zscore": {"mean": 0.09194769442532691, "std": 0.28897198832944704, "source": "F670"}, "F1692_zscore": {"mean": 0.26593255333792154, "std": 0.7893685707540836, "source": "F1692"}, "F2122_zscore": {"mean": 0.04411559839421886, "std": 0.12963661260865278, "source": "F2122"}, "F2582_zscore": {"mean": 0.04520991052993806, "std": 0.3600398642741351, "source": "F2582"}, "F2678_zscore": {"mean": 308.99113420509286, "std": 19741.05532485115, "source": "F2678"}, "F2737_zscore": {"mean": 0.3759573296627666, "std": 22.80285267123083, "source": "F2737"}, "F2956_zscore": {"mean": 125.48396421197522, "std": 332.8397762926209, "source": "F2956"}, "F3043_zscore": {"mean": 137.68258774948382, "std": 411.80166091946626, "source": "F3043"}, "F3836_zscore": {"mean": -52149579.17386235, "std": 581225070.8472329, "source": "F3836"}, "F3887_zscore": {"mean": 104.35072264280798, "std": 92.99458527673004, "source": "F3887"}, "F3894_zscore": {"mean": 34.44652443220922, "std": 17.296119931783732, "source": "F3894"}, "clip_bounds": {"ratio_F115_F531": {"p1": 0.05138612596982608, "p99": 80.15999198399065}, "ratio_F670_F1692": {"p1": 0.0, "p99": 999999999.9999999}, "ratio_interaction": {"p1": 0.0, "p99": 885399128.1457001}, "F115_zscore": {"p1": -1.907406996537951, "p99": 1.9285141246585458}, "F321_zscore": {"p1": -2.2116016872553974, "p99": 3.2256381587470226}, "F527_zscore": {"p1": -1.3171539815112416, "p99": 2.108049847486275}, "F531_zscore": {"p1": -1.6320330727437435, "p99": 3.803438501633387}, "F670_zscore": {"p1": -0.3181889519419839, "p99": 3.142354065810281}, "F1692_zscore": {"p1": -0.3368927556198285, "p99": 3.4636132530417463}, "F2122_zscore": {"p1": -0.34030199621994983, "p99": 4.802278085457703}, "F2582_zscore": {"p1": -1.5520778792216774, "p99": 4.18950853767698}, "F2678_zscore": {"p1": -0.015684629271835133, "p99": -0.015392790770539459}, "F2737_zscore": {"p1": -0.051132081868101614, "p99": 0.09286744517347525}, "F2956_zscore": {"p1": -0.3770101206331697, "p99": 3.3575194895041234}, "F3043_zscore": {"p1": -0.3319136388230405, "p99": 2.8412644320939053}, "F3836_zscore": {"p1": -2.931883442712045, "p99": 0.3764894853122634}, "F3887_zscore": {"p1": -1.1221161138700992, "p99": 3.552564661378267}, "F3894_zscore": {"p1": -1.9337588177110978, "p99": 2.460290269329902}, "composite_risk_score": {"p1": -0.46217189337359676, "p99": 0.7657927872432241}}}