{"auroc": 0.9999305941143809, "prauc": 0.9930555555555556, "f2": 0.9375, "mcc": 0.9369447529150472, "tp": 15, "fp": 1, "fn": 1, "tn": 1800, "threshold": 33.16582914572864}