{"l2_lo": 3.3774269492248266e-10, "l2_hi": 30016.625, "fused_lo": 2.4507538533336633e-08, "fused_hi": 0.8744246510749971}