{"w1": 0.43239111585659057, "w2": 0.12461332545785674, "w3": 0.4429955586855527}