{"auroc": 0.9998958911715714, "prauc": 0.9901315789473684, "f2": 0.9259259259259259, "mcc": 0.9086835632737272, "tp": 15, "fp": 2, "fn": 1, "tn": 1799, "threshold": 0.2907035175879397}