{"auroc": 0.9639089394780677, "prauc": 0.1095890410958904, "f2": 0.38095238095238093, "mcc": 0.31887093261447613, "tp": 16, "fp": 130, "fn": 0, "tn": 1671, "threshold": 0.0025125679094344378}