{"auroc": 0.304553026096613, "prauc": 0.006307110264703711, "f2": 0.04253056884635832, "mcc": 0.0, "tp": 16, "fp": 1801, "fn": 0, "tn": 0, "threshold": 3.3168651158987927e-10}